<?xml version="1.0" encoding="UTF-8"?>
<GenRun Id="synth_1" LaunchPart="xc7z010clg400-1" LaunchTime="1656744985">
  <File Type="PA-TCL" Name="MipsPipelineTestBench.tcl"/>
  <File Type="REPORTS-TCL" Name="MipsPipelineTestBench_reports.tcl"/>
  <File Type="RDS-RDS" Name="MipsPipelineTestBench.vds"/>
  <File Type="RDS-DCP" Name="MipsPipelineTestBench.dcp"/>
  <FileSet Name="sources" Type="DesignSrcs" RelSrcDir="$PSRCDIR/sources_1">
    <Filter Type="Srcs"/>
    <File Path="$PPRDIR/../../../Υπολογιστής/Mips-Pipeline-Verilog-Design-master/Mips-Pipeline-Verilog-Design-master/Adder.v">
      <FileInfo>
        <Attr Name="UsedIn" Val="synthesis"/>
        <Attr Name="UsedIn" Val="implementation"/>
        <Attr Name="UsedIn" Val="simulation"/>
      </FileInfo>
    </File>
    <File Path="$PPRDIR/../../../Υπολογιστής/Mips-Pipeline-Verilog-Design-master/Mips-Pipeline-Verilog-Design-master/Comparator.v">
      <FileInfo>
        <Attr Name="UsedIn" Val="synthesis"/>
        <Attr Name="UsedIn" Val="implementation"/>
        <Attr Name="UsedIn" Val="simulation"/>
      </FileInfo>
    </File>
    <File Path="$PPRDIR/../../../Υπολογιστής/Mips-Pipeline-Verilog-Design-master/Mips-Pipeline-Verilog-Design-master/DataMemory.v">
      <FileInfo>
        <Attr Name="UsedIn" Val="synthesis"/>
        <Attr Name="UsedIn" Val="implementation"/>
        <Attr Name="UsedIn" Val="simulation"/>
      </FileInfo>
    </File>
    <File Path="$PPRDIR/../../../Υπολογιστής/Mips-Pipeline-Verilog-Design-master/Mips-Pipeline-Verilog-Design-master/EX_MemReg.v">
      <FileInfo>
        <Attr Name="UsedIn" Val="synthesis"/>
        <Attr Name="UsedIn" Val="implementation"/>
        <Attr Name="UsedIn" Val="simulation"/>
      </FileInfo>
    </File>
    <File Path="$PPRDIR/../../../Υπολογιστής/Mips-Pipeline-Verilog-Design-master/Mips-Pipeline-Verilog-Design-master/ForwardingUnit.v">
      <FileInfo>
        <Attr Name="UsedIn" Val="synthesis"/>
        <Attr Name="UsedIn" Val="implementation"/>
        <Attr Name="UsedIn" Val="simulation"/>
      </FileInfo>
    </File>
    <File Path="$PPRDIR/../../../Υπολογιστής/Mips-Pipeline-Verilog-Design-master/Mips-Pipeline-Verilog-Design-master/HazardDetectionUnit.v">
      <FileInfo>
        <Attr Name="UsedIn" Val="synthesis"/>
        <Attr Name="UsedIn" Val="implementation"/>
        <Attr Name="UsedIn" Val="simulation"/>
      </FileInfo>
    </File>
    <File Path="$PPRDIR/../../../Υπολογιστής/Mips-Pipeline-Verilog-Design-master/Mips-Pipeline-Verilog-Design-master/ID_EX_reg.v">
      <FileInfo>
        <Attr Name="UsedIn" Val="synthesis"/>
        <Attr Name="UsedIn" Val="implementation"/>
        <Attr Name="UsedIn" Val="simulation"/>
      </FileInfo>
    </File>
    <File Path="$PPRDIR/../../../Υπολογιστής/Mips-Pipeline-Verilog-Design-master/Mips-Pipeline-Verilog-Design-master/IF_IDReg.v">
      <FileInfo>
        <Attr Name="UsedIn" Val="synthesis"/>
        <Attr Name="UsedIn" Val="implementation"/>
        <Attr Name="UsedIn" Val="simulation"/>
      </FileInfo>
    </File>
    <File Path="$PPRDIR/../../../Υπολογιστής/Mips-Pipeline-Verilog-Design-master/Mips-Pipeline-Verilog-Design-master/InstructionMemory.v">
      <FileInfo>
        <Attr Name="UsedIn" Val="synthesis"/>
        <Attr Name="UsedIn" Val="implementation"/>
        <Attr Name="UsedIn" Val="simulation"/>
      </FileInfo>
    </File>
    <File Path="$PPRDIR/../../../Υπολογιστής/Mips-Pipeline-Verilog-Design-master/Mips-Pipeline-Verilog-Design-master/Mem_WbReg.v">
      <FileInfo>
        <Attr Name="UsedIn" Val="synthesis"/>
        <Attr Name="UsedIn" Val="implementation"/>
        <Attr Name="UsedIn" Val="simulation"/>
      </FileInfo>
    </File>
    <File Path="$PPRDIR/../../../Υπολογιστής/Mips-Pipeline-Verilog-Design-master/Mips-Pipeline-Verilog-Design-master/Mux2x1_10Bits.v">
      <FileInfo>
        <Attr Name="UsedIn" Val="synthesis"/>
        <Attr Name="UsedIn" Val="implementation"/>
        <Attr Name="UsedIn" Val="simulation"/>
      </FileInfo>
    </File>
    <File Path="$PPRDIR/../../../Υπολογιστής/Mips-Pipeline-Verilog-Design-master/Mips-Pipeline-Verilog-Design-master/Mux3x1_32Bits.v">
      <FileInfo>
        <Attr Name="UsedIn" Val="synthesis"/>
        <Attr Name="UsedIn" Val="implementation"/>
        <Attr Name="UsedIn" Val="simulation"/>
      </FileInfo>
    </File>
    <File Path="$PPRDIR/../../../Υπολογιστής/Mips-Pipeline-Verilog-Design-master/Mips-Pipeline-Verilog-Design-master/ShiftLeft2.v">
      <FileInfo>
        <Attr Name="UsedIn" Val="synthesis"/>
        <Attr Name="UsedIn" Val="implementation"/>
        <Attr Name="UsedIn" Val="simulation"/>
      </FileInfo>
    </File>
    <File Path="$PPRDIR/../../../Υπολογιστής/HUA/6ο ΕΞΑΜΗΝΟ/Σύγρονες Αρχιτεκτονικές Υπολογιστών/ACA_LABS/LAB_ACA_3/MIPS-single-cycle_lab-20220520T123714Z-001/MIPS-single-cycle_lab/alu.v">
      <FileInfo>
        <Attr Name="UsedIn" Val="synthesis"/>
        <Attr Name="UsedIn" Val="implementation"/>
        <Attr Name="UsedIn" Val="simulation"/>
      </FileInfo>
    </File>
    <File Path="$PPRDIR/../../../Υπολογιστής/HUA/6ο ΕΞΑΜΗΝΟ/Σύγρονες Αρχιτεκτονικές Υπολογιστών/ACA_LABS/LAB_ACA_3/MIPS-single-cycle_lab-20220520T123714Z-001/MIPS-single-cycle_lab/alucontrol.v">
      <FileInfo>
        <Attr Name="UsedIn" Val="synthesis"/>
        <Attr Name="UsedIn" Val="implementation"/>
        <Attr Name="UsedIn" Val="simulation"/>
      </FileInfo>
    </File>
    <File Path="$PPRDIR/../../../Υπολογιστής/HUA/6ο ΕΞΑΜΗΝΟ/Σύγρονες Αρχιτεκτονικές Υπολογιστών/ACA_LABS/LAB_ACA_3/MIPS-single-cycle_lab-20220520T123714Z-001/MIPS-single-cycle_lab/control.v">
      <FileInfo>
        <Attr Name="UsedIn" Val="synthesis"/>
        <Attr Name="UsedIn" Val="implementation"/>
        <Attr Name="UsedIn" Val="simulation"/>
      </FileInfo>
    </File>
    <File Path="$PPRDIR/../../../Υπολογιστής/HUA/6ο ΕΞΑΜΗΝΟ/Σύγρονες Αρχιτεκτονικές Υπολογιστών/ACA_LABS/LAB_ACA_3/MIPS-single-cycle_lab-20220520T123714Z-001/MIPS-single-cycle_lab/mux.v">
      <FileInfo>
        <Attr Name="UsedIn" Val="synthesis"/>
        <Attr Name="UsedIn" Val="implementation"/>
        <Attr Name="UsedIn" Val="simulation"/>
      </FileInfo>
    </File>
    <File Path="$PPRDIR/../../../Υπολογιστής/HUA/6ο ΕΞΑΜΗΝΟ/Σύγρονες Αρχιτεκτονικές Υπολογιστών/ACA_LABS/LAB_ACA_3/MIPS-single-cycle_lab-20220520T123714Z-001/MIPS-single-cycle_lab/pclogic.v">
      <FileInfo>
        <Attr Name="UsedIn" Val="synthesis"/>
        <Attr Name="UsedIn" Val="implementation"/>
        <Attr Name="UsedIn" Val="simulation"/>
      </FileInfo>
    </File>
    <File Path="$PPRDIR/../../../Υπολογιστής/HUA/6ο ΕΞΑΜΗΝΟ/Σύγρονες Αρχιτεκτονικές Υπολογιστών/ACA_LABS/LAB_ACA_3/MIPS-single-cycle_lab-20220520T123714Z-001/MIPS-single-cycle_lab/rf.v">
      <FileInfo>
        <Attr Name="UsedIn" Val="synthesis"/>
        <Attr Name="UsedIn" Val="implementation"/>
        <Attr Name="UsedIn" Val="simulation"/>
      </FileInfo>
    </File>
    <File Path="$PPRDIR/../../../Υπολογιστής/HUA/6ο ΕΞΑΜΗΝΟ/Σύγρονες Αρχιτεκτονικές Υπολογιστών/ACA_LABS/LAB_ACA_3/MIPS-single-cycle_lab-20220520T123714Z-001/MIPS-single-cycle_lab/signextend.v">
      <FileInfo>
        <Attr Name="UsedIn" Val="synthesis"/>
        <Attr Name="UsedIn" Val="implementation"/>
        <Attr Name="UsedIn" Val="simulation"/>
      </FileInfo>
    </File>
    <File Path="$PPRDIR/../../../Υπολογιστής/Mips-Pipeline-Verilog-Design-master/Mips-Pipeline-Verilog-Design-master/MipsPipelineTestBench.v">
      <FileInfo>
        <Attr Name="UsedIn" Val="synthesis"/>
        <Attr Name="UsedIn" Val="implementation"/>
        <Attr Name="UsedIn" Val="simulation"/>
      </FileInfo>
    </File>
    <File Path="$PPRDIR/../../../Υπολογιστής/HUA/6ο ΕΞΑΜΗΝΟ/Σύγρονες Αρχιτεκτονικές Υπολογιστών/ACA_LABS/LAB_ACA_3/MIPS-single-cycle_lab-20220520T123714Z-001/MIPS-single-cycle_lab/andm.v">
      <FileInfo>
        <Attr Name="AutoDisabled" Val="1"/>
        <Attr Name="UsedIn" Val="synthesis"/>
        <Attr Name="UsedIn" Val="implementation"/>
        <Attr Name="UsedIn" Val="simulation"/>
      </FileInfo>
    </File>
    <File Path="$PPRDIR/../../../Υπολογιστής/HUA/6ο ΕΞΑΜΗΝΟ/Σύγρονες Αρχιτεκτονικές Υπολογιστών/ACA_LABS/LAB_ACA_3/MIPS-single-cycle_lab-20220520T123714Z-001/MIPS-single-cycle_lab/datapath.v">
      <FileInfo>
        <Attr Name="AutoDisabled" Val="1"/>
        <Attr Name="UsedIn" Val="synthesis"/>
        <Attr Name="UsedIn" Val="implementation"/>
        <Attr Name="UsedIn" Val="simulation"/>
      </FileInfo>
    </File>
    <File Path="$PPRDIR/../../../Υπολογιστής/HUA/6ο ΕΞΑΜΗΝΟ/Σύγρονες Αρχιτεκτονικές Υπολογιστών/ACA_LABS/LAB_ACA_3/MIPS-single-cycle_lab-20220520T123714Z-001/MIPS-single-cycle_lab/mips.v">
      <FileInfo>
        <Attr Name="AutoDisabled" Val="1"/>
        <Attr Name="UsedIn" Val="synthesis"/>
        <Attr Name="UsedIn" Val="implementation"/>
        <Attr Name="UsedIn" Val="simulation"/>
      </FileInfo>
    </File>
    <File Path="$PPRDIR/../../../Υπολογιστής/HUA/6ο ΕΞΑΜΗΝΟ/Σύγρονες Αρχιτεκτονικές Υπολογιστών/ACA_LABS/LAB_ACA_3/MIPS-single-cycle_lab-20220520T123714Z-001/MIPS-single-cycle_lab/tb_mips.v">
      <FileInfo>
        <Attr Name="AutoDisabled" Val="1"/>
        <Attr Name="UsedIn" Val="synthesis"/>
        <Attr Name="UsedIn" Val="implementation"/>
        <Attr Name="UsedIn" Val="simulation"/>
      </FileInfo>
    </File>
    <Config>
      <Option Name="DesignMode" Val="RTL"/>
      <Option Name="TopModule" Val="MipsPipelineTestBench"/>
    </Config>
  </FileSet>
  <FileSet Name="constrs_in" Type="Constrs" RelSrcDir="$PSRCDIR/constrs_1">
    <Filter Type="Constrs"/>
    <Config>
      <Option Name="ConstrsType" Val="XDC"/>
    </Config>
  </FileSet>
  <FileSet Name="utils" Type="Utils" RelSrcDir="$PSRCDIR/utils_1">
    <Filter Type="Utils"/>
    <Config>
      <Option Name="TopAutoSet" Val="TRUE"/>
    </Config>
  </FileSet>
  <Strategy Version="1" Minor="2">
    <StratHandle Name="Vivado Synthesis Defaults" Flow="Vivado Synthesis 2018"/>
    <Step Id="synth_design"/>
  </Strategy>
</GenRun>
